asvID,Kingdom,Phylum,Class,Order,Family,Genus,Species,ONF1,ONF2,ONF3,ONF4,ONF5,ONA1,ONA2,ONA3,ONA4,ONA5,ONJ1,ONJ2,ONJ3,ONJ4,ONJ5,ONO1,ONO2,ONO3,ONO5
asv130,Bacteria,Proteobacteria,Gammaproteobacteria,Burkholderiales,Oxalobacteraceae,Janthinobacterium,NA,0,0,0,0.00415193,0,0,0.03934301,0,0.013065937,0.003064128,0.024706197,0.02423305,0.002366024,0.043065314,0.020614828,0,0.001371437,0.069079257,0
asv187,Bacteria,Proteobacteria,Gammaproteobacteria,Oceanospirillales,Saccharospirillaceae,Bermanella,NA,0,0,0.028083235,0.010302937,0.008655035,0,0,0,0,0,0,0.010956432,0.022595528,0.008066615,0.019529837,0,0,0,0
asv202,Bacteria,Verrucomicrobiota,Verrucomicrobiae,Verrucomicrobiales,Rubritaleaceae,Luteolibacter,NA,0.016337645,0.023255814,0.030959229,0.010764263,0.022393186,0.001040018,0,0,0.056821635,0,0.013087607,0.004124774,0.001064711,0.026932084,0.00994575,0.004896422,0,0,0.019933555
asv222,Bacteria,Bacteroidota,Bacteroidia,Sphingobacteriales,Sphingobacteriaceae,Pedobacter,NA,0,0,0,0,0,0,0.009549274,0.020927799,0,0.008535785,0.033520299,0,0.076422572,0.031225605,0,0,0,0,0
asv307,Bacteria,Proteobacteria,Gammaproteobacteria,Burkholderiales,Comamonadaceae,NA,NA,0.055479918,0.012205179,0,0.021220975,0,0,0.013750955,0.007673526,0.014585232,0,0,0.001804589,0,0.007676295,0.023327306,0,0.000296527,0.010460843,0
