asvID,Kingdom,Phylum,Class,Order,Family,Genus,Species,CPF1,CPF2,CPF3,CPF4,CPF5,CPA1,CPA2,CPA3,CPA4,CPA5,CPJ1,CPJ2,CPJ3,CPJ4,CPJ5,CPO1,CPO2,CPO3,CPO4,CPO5
asv39,Bacteria,Proteobacteria,Gammaproteobacteria,Vibrionales,Vibrionaceae,Vibrio,NA,0.04825927,0.063034669,0,0,0.00525394,0,0,0.013373362,0.016784086,0,0.044230769,0.04853229,0,0.009235936,0.019911036,0.049489217,0.09220424,0.073020475,0.023121387,0.077887981
asv72,Bacteria,Proteobacteria,Gammaproteobacteria,Cellvibrionales,Halieaceae,Luminiphilus,NA,0.008349844,0.049977488,0.034055728,0.026493599,0.024051372,0.008633358,0.020490304,0,0,0,0,0.028180039,0,0.054072208,0,0,0,0,0,0
asv85,Bacteria,Cyanobacteria,Cyanobacteriia,Synechococcales,Cyanobiaceae,Cyanobium PCC-6307,NA,0,0,0,0.010135135,0,0.005326965,0,0.026883188,0,0.011848341,0.016923077,0.011741683,0.004721931,0.022166247,0.005507308,0,0,0,0,0.007001167
asv117,Bacteria,Proteobacteria,Gammaproteobacteria,Vibrionales,Vibrionaceae,Vibrio,NA,0.032267195,0.028815849,0.020639835,0,0.007589025,0.038023512,0.073179656,0.051855895,0.036261915,0.086492891,0,0.012524462,0.027806925,0.012930311,0.086210549,0.133257662,0.013334853,0.05653198,0.094412331,0.018523921
asv205,Bacteria,Proteobacteria,Gammaproteobacteria,Vibrionales,Vibrionaceae,Vibrio,NA,0.000707614,0.013057181,0,0,0,0.203894195,0.037321625,0.038209607,0.01098218,0.037783044,0,0,0,0,0,0,0,0,0,0.021586931
asv280,Bacteria,Proteobacteria,Gammaproteobacteria,Vibrionales,Vibrionaceae,Vibrio,NA,0,0,0,0,0,0.009184423,0,0,0,0,0,0.023483366,0.059811123,0.016960537,0.027536539,0.039727582,0.01139731,0.00724769,0.070134875,0.011522754
